{
  "marketing_stripe": {
    "text": "PREÇOS DE ATACADO NESSA LOJA , VERIFIQUE AS QUANTIDADES ",
    "link": "ATACADO REAL FORTE ",
    "background": "#9c0e0e"
  },
  "contacts_stripe": {
    "pages": [
      {
        "title": "SOBRE NÓS ",
        "link": ""
      },
      {
        "title": "Esta loja é um PWA",
        "link": "/posts/esta-loja-e-um-pwa"
      }
    ],
    "phone_wpp": true,
    "socials": true
  },
  "categories_list": {
    "featured": [],
    "random": 6,
    "full_width": true
  },
  "desktop_megamenu": true,
  "search_input": true,
  "alphabetical_order_submenu": true,
  "full_width_submenu": true
}